hris_id,ats_id,name_hris,name_ats,email,phone,job_title,department,location,branch_code,hire_date_hris,hire_date_ats,source_systems,has_duplicate_flag,data_issues,skills
EMP-2001,candidate_1001,Jamal Pramono,Jamal Pramono,jamal.pramono@medikanusantara.co.id,,Sales Rep,Sales,Padang,BR-083,2022-06-09,2022-06-09,SAP_SuccessFactors; Workable_ATS; Moodle_LMS,TRUE,potential_duplicate_record,Customer Relationship Management; Product Knowledge (Pharma); Sales Negotiation
EMP-2002,candidate_1002,Krisna Harahap,Krisna Harahap,krisna.harahap@medikanusantara.co.id,+62 862-2943-6933,Finance Admin,Finance,Mataram,BR-030,2023-08-12,2023-08-12,SAP_SuccessFactors; Workable_ATS; Moodle_LMS,FALSE,missing_skill_data; incomplete_performance_history,
EMP-2003,,Damar Permata,,,,Logistik Koordinator,Logistics,Cirebon,BR-073,2019-05-27,,SAP_SuccessFactors; Moodle_LMS,FALSE,missing_skill_data; incomplete_performance_history; no_ats_record; missing_email,
EMP-2004,candidate_1004,Fuad Alamsyah,Fuadi Alamsyah,fuad.alamsyah@medikanusantara.co.id,,Staf Gudang,Warehouse & Distribution,Bandung,BR-083,2019-11-16,2019-11-20,SAP_SuccessFactors; Workable_ATS; Moodle_LMS,FALSE,conflicting_hire_dates; name_variant_across_systems,Inventory Management; Good Distribution Practice (GDP)
EMP-2005,candidate_1005,Lutfi Wijaya,Lutfii Wijaya,lutfi.wijaya@medikanusantara.co.id,,Finance Administration,Finance,Palembang,BR-031,2016-04-28,2016-04-28,SAP_SuccessFactors; Workable_ATS; Moodle_LMS,FALSE,name_variant_across_systems,Financial Reporting
EMP-2006,candidate_1006,Ratna Iskandar,Ratna Iskandar,ratna.iskandar@medikanusantara.co.id,+62 827-6894-5579,IT Specialist,Information Technology,Cirebon,BR-010,2020-01-16,2020-01-16,SAP_SuccessFactors; Workable_ATS; Moodle_LMS,FALSE,missing_skill_data,
EMP-2007,candidate_1007,Hadi Iskandar,Hadi Iskandar,hadi.iskandar@medikanusantara.co.id,,QC Staff,Quality Control,Medan,BR-038,2019-06-25,2019-06-25,SAP_SuccessFactors; Workable_ATS; Moodle_LMS,FALSE,incomplete_performance_history,Quality Management Systems; BPOM Regulatory Compliance
EMP-2008,candidate_1008,Denny Iskandar,Denny Iskandar,denny.iskandar@medikanusantara.co.id,+62 887-1972-8106,Agen CS,Customer Service,Balikpapan,BR-032,2019-07-23,2019-07-23,SAP_SuccessFactors; Workable_ATS; Moodle_LMS,FALSE,,Communication; Problem Solving; CRM Software; Product Knowledge (Basic); Data Entry
EMP-2009,candidate_1009,Nabila Utama,Nabila Utama,nabila.utama@medikanusantara.co.id,+62 859-9805-3989,Supply Chain Staff,Logistics,Bekasi,BR-054,2020-05-12,2020-05-12,SAP_SuccessFactors; Workable_ATS; Moodle_LMS,FALSE,,Route Planning; Fleet Management; Delivery Coordination; Last-Mile Logistics; SAP Logistics
EMP-2010,candidate_1010,Novita Pamungkas,Novita Pamungkas,novita.pamungkas@medikanusantara.co.id,+62 880-1217-4924,HRD Staff,Human Resources,Mataram,BR-048,2020-05-22,2020-05-22,SAP_SuccessFactors; Workable_ATS; Moodle_LMS,FALSE,missing_skill_data,
EMP-2011,candidate_1011,Chandra Fatoni,Chandra Fatoni,chandra.fatoni@medikanusantara.co.id,+62 849-3417-9544,Spesialis IT,Information Technology,Lampung,BR-057,2017-02-22,2017-02-22,SAP_SuccessFactors; Workable_ATS; Moodle_LMS,FALSE,missing_skill_data; incomplete_performance_history,
EMP-2012,candidate_1012,Otto Gunawan,Otto Gunawan,otto.gunawan@medikanusantara.co.id,+62 816-4121-1528,Petugas QC,Quality Control,Surabaya,BR-015,2020-02-25,2020-02-25,SAP_SuccessFactors; Workable_ATS; Moodle_LMS,FALSE,,Quality Management Systems; BPOM Regulatory Compliance; GDP/GMP Knowledge
EMP-2013,candidate_1013,Wahyu Gunawan,Wahyu Gunawan,wahyu.gunawan@medikanusantara.co.id,+62 827-7666-9613,Staff Gudang,Warehouse & Distribution,Manado,BR-046,2023-10-22,2023-10-22,SAP_SuccessFactors; Workable_ATS; Moodle_LMS,FALSE,,Inventory Management
EMP-2014,,Nabila Fatoni,,,,Staf QC,Quality Control,Bogor,BR-013,2016-07-18,,SAP_SuccessFactors; Moodle_LMS,FALSE,conflicting_hire_dates; no_ats_record; missing_email,Quality Management Systems; BPOM Regulatory Compliance; GDP/GMP Knowledge; Audit Skills
EMP-2015,,Surya Kusuma,,surya.kusuma@medikanusantara.co.id,+62 843-1450-3832,WH Operator,Warehouse & Distribution,Lampung,BR-077,2021-07-03,,SAP_SuccessFactors; Moodle_LMS,FALSE,missing_skill_data; no_ats_record,
EMP-2016,candidate_1016,Panji Kasim,Panji Kasim,panji.kasim@medikanusantara.co.id,+62 894-1280-5987,Staff HRD,Human Resources,Solo,BR-011,2018-10-04,2018-10-04,SAP_SuccessFactors; Workable_ATS; Moodle_LMS,TRUE,missing_skill_data; potential_duplicate_record,
EMP-2017,,Agus Harahap,,agus.harahap@medikanusantara.co.id,+62 898-1631-1633,Staf CS,Customer Service,Jakarta Pusat,BR-088,2021-02-22,,SAP_SuccessFactors; Moodle_LMS,FALSE,missing_skill_data; incomplete_performance_history; no_ats_record,
EMP-2018,candidate_1018,Panji Erlangga,Panjii Erlangga,panji.erlangga@medikanusantara.co.id,+62 829-9670-2540,Staf Gudang,Warehouse & Distribution,Jakarta Pusat,BR-048,2021-01-13,2021-01-15,SAP_SuccessFactors; Workable_ATS; Moodle_LMS,FALSE,missing_skill_data; conflicting_hire_dates; name_variant_across_systems,
EMP-2019,candidate_1019,Hamid Lukman,Hamidi Lukman,hamid.lukman@medikanusantara.co.id,+62 890-4141-9510,Administrasi Keuangan,Finance,Jakarta Barat,BR-063,2018-07-23,2018-07-23,SAP_SuccessFactors; Workable_ATS; Moodle_LMS,FALSE,missing_skill_data; name_variant_across_systems,
EMP-2020,candidate_1020,Prima Tanjung,Prima Tanjung,prima.tanjung@medikanusantara.co.id,+62 885-6197-9708,Warehouse Staff,Warehouse & Distribution,Medan,BR-043,2023-09-09,2023-09-09,SAP_SuccessFactors; Workable_ATS; Moodle_LMS,FALSE,missing_skill_data,
EMP-2021,candidate_1021,Teguh Aditya,Teguh Aditya,teguh.aditya@medikanusantara.co.id,+62 878-9027-8319,Staff HRD,Human Resources,Palembang,BR-007,2022-04-05,2022-04-05,SAP_SuccessFactors; Workable_ATS; Moodle_LMS,TRUE,missing_skill_data; potential_duplicate_record,
EMP-2022,candidate_1022,Chandra Wibowo,Chandrai Wibowo,chandra.wibowo@medikanusantara.co.id,,Staff Gudang,Warehouse & Distribution,Pekanbaru,BR-029,2018-10-02,2018-10-02,SAP_SuccessFactors; Workable_ATS; Moodle_LMS,FALSE,missing_skill_data; name_variant_across_systems,
EMP-2023,candidate_1023,Vina Salim,Vina Salim,vina.salim@medikanusantara.co.id,+62 858-3002-6765,Sr. Sales Rep,Sales,Makassar,BR-064,2021-04-17,2021-04-20,SAP_SuccessFactors; Workable_ATS; Moodle_LMS,TRUE,missing_skill_data; conflicting_hire_dates; potential_duplicate_record,
EMP-2024,candidate_1024,Novita Alamsyah,Novita Alamsyah,novita.alamsyah@medikanusantara.co.id,+62 864-6201-4246,Staf SDM,Human Resources,Jakarta Barat,BR-020,2016-05-27,2016-05-27,SAP_SuccessFactors; Workable_ATS; Moodle_LMS,TRUE,missing_skill_data; potential_duplicate_record,
EMP-2025,,Ulfa Yahya,,ulfa.yahya@medikanusantara.co.id,+62 866-1686-3846,Layanan Pelanggan,Customer Service,Medan,BR-047,2020-12-22,,SAP_SuccessFactors; Moodle_LMS,FALSE,name_variant_across_systems; no_ats_record,Communication; Problem Solving
EMP-2026,candidate_1026,Panji Suryadi,Panji Suryadi,panji.suryadi@medikanusantara.co.id,+62 826-1611-9651,IT Staff,Information Technology,Mataram,BR-065,2020-11-24,2020-11-28,SAP_SuccessFactors; Workable_ATS; Moodle_LMS,FALSE,conflicting_hire_dates; incomplete_performance_history,Network Administration; Hardware Troubleshooting; Software Configuration; SAP System Support; Help Desk
EMP-2027,candidate_1027,Gita Ridwan,Gita Ridwan,gita.ridwan@medikanusantara.co.id,+62 891-4745-7494,Spesialis IT,Information Technology,Samarinda,BR-027,2019-07-04,2019-07-04,SAP_SuccessFactors; Workable_ATS; Moodle_LMS,FALSE,incomplete_performance_history,Network Administration; Hardware Troubleshooting; Software Configuration; SAP System Support; Help Desk
EMP-2028,candidate_1028,Abdul Bernardus,Abduli Bernardus,abdul.bernardus@medikanusantara.co.id,,Sales Senior,Sales,Cirebon,BR-005,2016-08-20,2016-08-20,SAP_SuccessFactors; Workable_ATS; Moodle_LMS,FALSE,name_variant_across_systems,Customer Relationship Management; Key Account Management; Sales Negotiation; Territory Management; Team Coaching
EMP-2029,candidate_1029,Candra Effendi,Candra Effendi,,,Regional Manager,Operations,Tangerang,BR-028,2019-09-12,2019-09-12,SAP_SuccessFactors; Workable_ATS; Moodle_LMS,FALSE,missing_skill_data; missing_email,
EMP-2030,candidate_1030,Taufik Suharto,Taufiki Suharto,taufik.suharto@medikanusantara.co.id,+62 854-9425-1218,Account Sales,Sales,Makassar,BR-067,2022-12-11,2022-12-11,SAP_SuccessFactors; Workable_ATS; Moodle_LMS,TRUE,name_variant_across_systems; incomplete_performance_history; potential_duplicate_record,Customer Relationship Management; Product Knowledge (Pharma); Sales Negotiation
EMP-2031,,Maya Suharto,,maya.suharto@medikanusantara.co.id,,HRD Staff,Human Resources,Jakarta Timur,BR-081,2020-03-28,,SAP_SuccessFactors; Moodle_LMS,FALSE,missing_skill_data; conflicting_hire_dates; no_ats_record,
EMP-2032,candidate_1032,Ratna Irawan,Ratna Irawan,,+62 897-5623-1695,Layanan Pelanggan,Customer Service,Depok,BR-086,2017-11-09,2017-11-09,SAP_SuccessFactors; Workable_ATS; Moodle_LMS,FALSE,missing_email,Communication; Problem Solving; CRM Software; Product Knowledge (Basic)
EMP-2033,,Denny Wibowo,,denny.wibowo@medikanusantara.co.id,,Manager Cabang,Operations,Batam,BR-004,2018-07-23,,SAP_SuccessFactors; Moodle_LMS,FALSE,conflicting_hire_dates; no_ats_record,Team Leadership; P&L Management; Operations Management; Strategic Planning; People Development
EMP-2034,candidate_1034,Hamid Maulana,Hamid Maulana,hamid.maulana@medikanusantara.co.id,+62 874-3472-5827,Layanan Pelanggan,Customer Service,Jakarta Pusat,BR-004,2019-02-14,2019-02-14,SAP_SuccessFactors; Workable_ATS; Moodle_LMS,FALSE,missing_skill_data; incomplete_performance_history,
EMP-2035,candidate_1035,Wisnu Hartono,Wisnui Hartono,wisnu.hartono@medikanusantara.co.id,+62 896-9333-9473,Staff HRD,Human Resources,Palembang,BR-008,2019-03-15,2019-03-15,SAP_SuccessFactors; Workable_ATS; Moodle_LMS,FALSE,name_variant_across_systems,Recruitment
EMP-2036,,Muhammad Cahyadi,,,,WH Operator,Warehouse & Distribution,Banjarmasin,BR-082,2022-06-17,,SAP_SuccessFactors; Moodle_LMS,TRUE,missing_skill_data; no_ats_record; missing_email; potential_duplicate_record,
EMP-2037,candidate_1037,Qori Effendi,Qori Effendi,qori.effendi@medikanusantara.co.id,+62 865-8463-9510,IT Specialist,Information Technology,Bandung,BR-007,2017-05-28,2017-05-28,SAP_SuccessFactors; Workable_ATS; Moodle_LMS,FALSE,missing_skill_data; incomplete_performance_history,
EMP-2038,candidate_1038,Jamal Bernardus,Jamal Bernardus,jamal.bernardus@medikanusantara.co.id,+62 835-6162-5201,Sales Representative,Sales,Malang,BR-009,2021-11-01,2021-11-01,SAP_SuccessFactors; Workable_ATS; Moodle_LMS,FALSE,,Customer Relationship Management
EMP-2039,,Ogi Iskandar,,ogi.iskandar@medikanusantara.co.id,+62 875-9528-4082,Sales 2,Sales,Bandung,BR-075,2017-07-20,,SAP_SuccessFactors; Moodle_LMS,FALSE,name_variant_across_systems; no_ats_record,Customer Relationship Management; Key Account Management; Sales Negotiation; Territory Management
EMP-2040,candidate_1040,Wawan Yahya,Wawan Yahya,wawan.yahya@medikanusantara.co.id,+62 827-8645-1602,Spesialis IT,Information Technology,Makassar,BR-004,2021-04-03,2021-04-09,SAP_SuccessFactors; Workable_ATS; Moodle_LMS,FALSE,conflicting_hire_dates,Network Administration; Hardware Troubleshooting; Software Configuration; SAP System Support; Help Desk
EMP-2041,candidate_1041,Gunawan Lestari,Gunawan Lestari,gunawan.lestari@medikanusantara.co.id,+62 815-9804-3293,Sales Exec,Sales,Malang,BR-079,2023-08-02,2023-08-02,SAP_SuccessFactors; Workable_ATS; Moodle_LMS,TRUE,potential_duplicate_record,Customer Relationship Management; Product Knowledge (Pharma); Sales Negotiation; Territory Management
EMP-2042,candidate_1042,Siti Santoso,Siti Santoso,siti.santoso@medikanusantara.co.id,+62 840-4556-4393,Sales Exec,Sales,Semarang,BR-085,2016-02-12,2016-02-12,SAP_SuccessFactors; Workable_ATS; Moodle_LMS,TRUE,missing_skill_data; incomplete_performance_history; potential_duplicate_record,
EMP-2043,candidate_1043,Eko Effendi,Eko Effendi,eko.effendi@medikanusantara.co.id,+62 817-9113-9966,Staf Keuangan,Finance,Semarang,BR-014,2023-09-26,2023-09-26,SAP_SuccessFactors; Workable_ATS; Moodle_LMS,FALSE,,Financial Reporting; SAP Finance; Accounts Payable/Receivable; Budget Management
EMP-2044,candidate_1044,Doni Zainal,Doni Zainal,doni.zainal@medikanusantara.co.id,+62 829-6942-2929,HR Generalist,Human Resources,Bekasi,BR-042,2016-05-27,2016-05-28,SAP_SuccessFactors; Workable_ATS; Moodle_LMS,FALSE,missing_skill_data; conflicting_hire_dates,
EMP-2045,candidate_1045,Bayu Kusuma,Bayu Kusuma,bayu.kusuma@medikanusantara.co.id,+62 814-4516-5835,IT Support,Information Technology,Balikpapan,BR-030,2016-03-06,2016-03-06,SAP_SuccessFactors; Workable_ATS; Moodle_LMS,FALSE,incomplete_performance_history,Network Administration; Hardware Troubleshooting; Software Configuration; SAP System Support; Help Desk
EMP-2046,candidate_1046,Bella Suryadi,Bella Suryadi,bella.suryadi@medikanusantara.co.id,+62 848-4281-2889,Staff Gudang,Warehouse & Distribution,Tangerang,BR-038,2016-07-11,2016-07-11,SAP_SuccessFactors; Workable_ATS; Moodle_LMS,FALSE,incomplete_performance_history,Inventory Management; Good Distribution Practice (GDP)
EMP-2047,candidate_1047,Rizky Firmansyah,Rizky Firmansyah,rizky.firmansyah@medikanusantara.co.id,,Logistics Coordinator,Logistics,Bandung,BR-010,2021-08-11,2021-08-11,SAP_SuccessFactors; Workable_ATS; Moodle_LMS,TRUE,potential_duplicate_record,Route Planning; Fleet Management; Delivery Coordination; Last-Mile Logistics; SAP Logistics
EMP-2048,,Lutfi Ridwan,,,+62 860-7159-8413,WH Operator,Warehouse & Distribution,Bali,BR-033,2020-01-04,,SAP_SuccessFactors; Moodle_LMS,FALSE,conflicting_hire_dates; no_ats_record; missing_email,Inventory Management; Good Distribution Practice (GDP); Cold Chain Management
EMP-2049,candidate_1049,Dewi Junaidi,Dewi Junaidi,dewi.junaidi@medikanusantara.co.id,+62 870-3678-5985,Logistics Staff,Logistics,Surabaya,BR-070,2022-09-03,2022-09-03,SAP_SuccessFactors; Workable_ATS; Moodle_LMS,FALSE,missing_skill_data,
EMP-2050,candidate_1050,Edy Saputra,Edy Saputra,edy.saputra@medikanusantara.co.id,,Manajer Cabang,Operations,Jakarta Selatan,BR-073,2022-12-18,2022-12-18,SAP_SuccessFactors; Workable_ATS; Moodle_LMS,FALSE,missing_skill_data,
EMP-2051,candidate_1051,Zaki Permata,Zaki Permata,,+62 840-4223-7324,WH Operator,Warehouse & Distribution,Depok,BR-071,2019-06-22,2019-06-22,SAP_SuccessFactors; Workable_ATS; Moodle_LMS,FALSE,missing_email,Inventory Management; Good Distribution Practice (GDP); Cold Chain Management
EMP-2052,,Ratna Damanik,,ratna.damanik@medikanusantara.co.id,+62 899-3464-6678,Account Sales,Sales,Lampung,BR-070,2023-04-10,,SAP_SuccessFactors; Moodle_LMS,TRUE,missing_skill_data; no_ats_record; potential_duplicate_record,
EMP-2053,,Ulfa Aditya,,ulfa.aditya@medikanusantara.co.id,+62 893-1000-7387,Technical Support,Information Technology,Surabaya,BR-067,2017-12-24,,SAP_SuccessFactors; Moodle_LMS,FALSE,no_ats_record,Network Administration; Hardware Troubleshooting
EMP-2054,candidate_1054,Okta Junaidi,Oktai Junaidi,okta.junaidi@medikanusantara.co.id,+62 852-6700-6582,Staf SDM,Human Resources,Palembang,BR-007,2021-04-22,2021-04-22,SAP_SuccessFactors; Workable_ATS; Moodle_LMS,FALSE,name_variant_across_systems,Recruitment; Employee Relations
EMP-2055,,Rizal Saputra,,rizal.saputra@medikanusantara.co.id,+62 853-5511-3714,Koordinator Logistik,Logistics,Jakarta Selatan,BR-047,2022-01-07,,SAP_SuccessFactors; Moodle_LMS,FALSE,no_ats_record,Route Planning
EMP-2056,candidate_1056,Wisnu Effendi,Wisnu Effendi,wisnu.effendi@medikanusantara.co.id,+62 887-9232-9834,Senior Penjualan,Sales,Lampung,BR-071,2019-12-05,2019-12-05,SAP_SuccessFactors; Workable_ATS; Moodle_LMS,FALSE,missing_skill_data; incomplete_performance_history,
EMP-2057,candidate_1057,Nando Wahyudi,Nandoi Wahyudi,nando.wahyudi@medikanusantara.co.id,+62 814-1789-7604,Koordinator Logistik,Logistics,Bali,BR-069,2020-02-01,2020-02-06,SAP_SuccessFactors; Workable_ATS; Moodle_LMS,FALSE,conflicting_hire_dates; name_variant_across_systems; incomplete_performance_history,Route Planning; Fleet Management; Delivery Coordination; Last-Mile Logistics
EMP-2058,candidate_1058,Hadi Kasim,Hadi Kasim,hadi.kasim@medikanusantara.co.id,+62 888-8282-8519,Technical Support,Information Technology,Pontianak,BR-044,2016-11-09,2016-11-10,SAP_SuccessFactors; Workable_ATS; Moodle_LMS,TRUE,conflicting_hire_dates; potential_duplicate_record,Network Administration; Hardware Troubleshooting; Software Configuration; SAP System Support; Help Desk
EMP-2059,,Lestari Ridwan,,lestari.ridwan@medikanusantara.co.id,,Logistics Coordinator,Logistics,Surabaya,BR-044,2019-04-27,,SAP_SuccessFactors; Moodle_LMS,FALSE,no_ats_record,Route Planning
EMP-2060,,Wisnu Alamsyah,,wisnu.alamsyah@medikanusantara.co.id,+62 821-9933-6047,Staff HRD,Human Resources,Mataram,BR-052,2016-10-28,,SAP_SuccessFactors; Moodle_LMS,FALSE,missing_skill_data; conflicting_hire_dates; no_ats_record,
EMP-2061,candidate_1061,Arif Suryadi,Arif Suryadi,arif.suryadi@medikanusantara.co.id,,Branch Head,Operations,Cirebon,BR-060,2019-03-20,2019-03-20,SAP_SuccessFactors; Workable_ATS; Moodle_LMS,FALSE,missing_skill_data,
EMP-2062,candidate_1062,Mardi Usman,Mardi Usman,mardi.usman@medikanusantara.co.id,+62 827-3813-8268,QC Staff,Quality Control,Balikpapan,BR-043,2019-06-12,2019-06-12,SAP_SuccessFactors; Workable_ATS; Moodle_LMS,FALSE,missing_skill_data,
EMP-2063,candidate_1063,Hamid Setiawan,Hamid Setiawan,hamid.setiawan@medikanusantara.co.id,+62 875-8993-1153,Sales Senior,Sales,Tangerang,BR-011,2016-02-11,2016-02-11,SAP_SuccessFactors; Workable_ATS; Moodle_LMS,FALSE,missing_skill_data; incomplete_performance_history,
EMP-2064,candidate_1064,Doni Arifin,Doni Arifin,doni.arifin@medikanusantara.co.id,+62 847-3068-7989,Branch Head,Operations,Cirebon,BR-026,2019-06-13,2019-06-13,SAP_SuccessFactors; Workable_ATS; Moodle_LMS,TRUE,missing_skill_data; potential_duplicate_record,
EMP-2065,candidate_1065,Bella Fatoni,Bella Fatoni,bella.fatoni@medikanusantara.co.id,+62 837-6299-9253,Human Resources Staff,Human Resources,Padang,BR-080,2017-09-25,2017-09-25,SAP_SuccessFactors; Workable_ATS; Moodle_LMS,FALSE,,Recruitment
EMP-2066,candidate_1066,Taufik Wijaya,Taufik Wijaya,taufik.wijaya@medikanusantara.co.id,,Gudang Staff,Warehouse & Distribution,Semarang,BR-083,2016-10-12,2016-10-13,SAP_SuccessFactors; Workable_ATS; Moodle_LMS,FALSE,missing_skill_data; conflicting_hire_dates,
EMP-2067,candidate_1067,Ahmad Maulana,Ahmad Maulana,ahmad.maulana@medikanusantara.co.id,+62 884-3632-9313,Manager Cabang,Operations,Bandung,BR-022,2018-09-23,2018-09-23,SAP_SuccessFactors; Workable_ATS; Moodle_LMS,FALSE,missing_skill_data,
EMP-2068,candidate_1068,Krisna Maulana,Krisna Maulana,krisna.maulana@medikanusantara.co.id,+62 889-5102-5493,Spesialis IT,Information Technology,Medan,BR-007,2023-01-02,2023-01-02,SAP_SuccessFactors; Workable_ATS; Moodle_LMS,FALSE,,Network Administration; Hardware Troubleshooting
EMP-2069,candidate_1069,Cahyo Kurniawan,Cahyo Kurniawan,cahyo.kurniawan@medikanusantara.co.id,,Sr. Sales Rep,Sales,Jakarta Barat,BR-077,2018-03-03,2018-03-03,SAP_SuccessFactors; Workable_ATS; Moodle_LMS,TRUE,missing_skill_data; potential_duplicate_record,
EMP-2070,candidate_1070,Fajar Tjandra,Fajari Tjandra,fajar.tjandra@medikanusantara.co.id,,Finance Administration,Finance,Jakarta Pusat,BR-053,2020-05-26,2020-05-26,SAP_SuccessFactors; Workable_ATS; Moodle_LMS,FALSE,missing_skill_data; name_variant_across_systems,
EMP-2071,candidate_1071,Andi Effendi,Andi Effendi,andi.effendi@medikanusantara.co.id,,Technical Support,Information Technology,Palembang,BR-043,2023-02-20,2023-02-20,SAP_SuccessFactors; Workable_ATS; Moodle_LMS,FALSE,missing_skill_data,
EMP-2072,candidate_1072,Nita Cahyadi,Nitai Cahyadi,nita.cahyadi@medikanusantara.co.id,,Sr. Sales Rep,Sales,Jakarta Barat,BR-013,2019-10-26,2019-10-26,SAP_SuccessFactors; Workable_ATS; Moodle_LMS,FALSE,name_variant_across_systems,Customer Relationship Management; Key Account Management; Sales Negotiation
EMP-2073,candidate_1073,Nurul Suharto,Nurul Suharto,nurul.suharto@medikanusantara.co.id,,Manajer Cabang,Operations,Semarang,BR-037,2022-07-16,2022-07-16,SAP_SuccessFactors; Workable_ATS; Moodle_LMS,TRUE,incomplete_performance_history; potential_duplicate_record,Team Leadership
EMP-2074,candidate_1074,Rudi Setiawan,Rudi Setiawan,rudi.setiawan@medikanusantara.co.id,+62 834-9199-8687,Senior Penjualan,Sales,Batam,BR-037,2021-10-14,2021-10-14,SAP_SuccessFactors; Workable_ATS; Moodle_LMS,FALSE,missing_skill_data,
EMP-2075,candidate_1075,Irwan Permata,Irwan Permata,irwan.permata@medikanusantara.co.id,+62 853-5973-3033,Sales Senior,Sales,Batam,BR-080,2022-11-07,2022-11-07,SAP_SuccessFactors; Workable_ATS; Moodle_LMS,FALSE,missing_skill_data,
EMP-2076,candidate_1076,Otto Usman,Otto Usman,otto.usman@medikanusantara.co.id,+62 846-1206-2185,Warehouse Operator,Warehouse & Distribution,Jakarta Pusat,BR-087,2021-12-25,2021-12-25,SAP_SuccessFactors; Workable_ATS; Moodle_LMS,FALSE,missing_skill_data,
EMP-2077,candidate_1077,Alfi Kasim,Alfi Kasim,alfi.kasim@medikanusantara.co.id,,HR Staff,Human Resources,Surabaya,BR-009,2017-05-14,2017-05-14,SAP_SuccessFactors; Workable_ATS; Moodle_LMS,FALSE,missing_skill_data; incomplete_performance_history,
EMP-2078,candidate_1078,Hendra Tjandra,Hendra Tjandra,hendra.tjandra@medikanusantara.co.id,,Customer Care,Customer Service,Palembang,BR-055,2022-07-17,2022-07-17,SAP_SuccessFactors; Workable_ATS; Moodle_LMS,FALSE,,Communication
EMP-2079,candidate_1079,Rudi Junaidi,Rudii Junaidi,rudi.junaidi@medikanusantara.co.id,+62 836-7690-8040,Branch Manager,Operations,Padang,BR-051,2019-11-22,2019-11-22,SAP_SuccessFactors; Workable_ATS; Moodle_LMS,FALSE,missing_skill_data; name_variant_across_systems,
EMP-2080,candidate_1080,Irwan Lukman,Irwan Lukman,irwan.lukman@medikanusantara.co.id,+62 847-3215-1515,Manager Cabang,Operations,Depok,BR-060,2021-06-20,2021-06-20,SAP_SuccessFactors; Workable_ATS; Moodle_LMS,FALSE,,Team Leadership; P&L Management; Operations Management
EMP-2081,candidate_1081,Puspita Darmawan,Puspita Darmawan,puspita.darmawan@medikanusantara.co.id,+62 863-7890-7115,Manager Cabang,Operations,Jakarta Selatan,BR-068,2021-02-11,2021-02-11,SAP_SuccessFactors; Workable_ATS; Moodle_LMS,FALSE,,Team Leadership; P&L Management; Operations Management; Strategic Planning; People Development
EMP-2082,candidate_1082,Krisna Kasim,Krisnai Kasim,krisna.kasim@medikanusantara.co.id,+62 848-8001-4449,IT Staff,Information Technology,Tangerang,BR-073,2017-10-09,2017-10-09,SAP_SuccessFactors; Workable_ATS; Moodle_LMS,TRUE,missing_skill_data; name_variant_across_systems; potential_duplicate_record,
EMP-2083,candidate_1083,Budi Natsir,Budi Natsir,budi.natsir@medikanusantara.co.id,,Sales Exec,Sales,Malang,BR-063,2019-05-16,2019-05-16,SAP_SuccessFactors; Workable_ATS; Moodle_LMS,FALSE,,Customer Relationship Management; Product Knowledge (Pharma)
EMP-2084,candidate_1084,Chandra Purwanto,Chandra Purwanto,chandra.purwanto@medikanusantara.co.id,,Sr. Sales Rep,Sales,Jakarta Barat,BR-011,2020-12-15,2020-12-15,SAP_SuccessFactors; Workable_ATS; Moodle_LMS,FALSE,,Customer Relationship Management; Key Account Management; Sales Negotiation; Territory Management; Team Coaching
EMP-2085,candidate_1085,Abdul Rahayu,Abdul Rahayu,abdul.rahayu@medikanusantara.co.id,,QC Staff,Quality Control,Batam,BR-049,2018-02-19,2018-02-19,SAP_SuccessFactors; Workable_ATS; Moodle_LMS,TRUE,potential_duplicate_record,Quality Management Systems
EMP-2086,candidate_1086,Galih Djuanda,Galih Djuanda,galih.djuanda@medikanusantara.co.id,+62 860-7769-8462,HR Generalist,Human Resources,Solo,BR-005,2016-07-21,2016-07-25,SAP_SuccessFactors; Workable_ATS; Moodle_LMS,FALSE,missing_skill_data; conflicting_hire_dates,
EMP-2087,,Damar Wijaya,,damar.wijaya@medikanusantara.co.id,+62 824-4360-7427,Finance Admin,Finance,Yogyakarta,BR-031,2023-07-10,,SAP_SuccessFactors; Moodle_LMS,FALSE,conflicting_hire_dates; no_ats_record,Financial Reporting
EMP-2088,,Teguh Effendi,,teguh.effendi@medikanusantara.co.id,,Sales Senior,Sales,Bogor,BR-055,2021-03-12,,SAP_SuccessFactors; Moodle_LMS,FALSE,missing_skill_data; no_ats_record,
EMP-2089,candidate_1089,Otto Natsir,Otto Natsir,otto.natsir@medikanusantara.co.id,+62 845-2979-4943,Quality Control,Quality Control,Manado,BR-016,2017-11-04,2017-11-04,SAP_SuccessFactors; Workable_ATS; Moodle_LMS,FALSE,missing_skill_data,
EMP-2090,candidate_1090,Nabila Lukman,Nabila Lukman,nabila.lukman@medikanusantara.co.id,+62 865-8240-5654,Manajer Cabang,Operations,Yogyakarta,BR-028,2019-09-02,2019-09-02,SAP_SuccessFactors; Workable_ATS; Moodle_LMS,FALSE,missing_skill_data; incomplete_performance_history,
EMP-2091,candidate_1091,Zahra Usman,Zahra Usman,zahra.usman@medikanusantara.co.id,+62 851-2536-9252,Sales 2,Sales,Pekanbaru,BR-070,2022-03-28,2022-03-28,SAP_SuccessFactors; Workable_ATS; Moodle_LMS,FALSE,,Customer Relationship Management; Key Account Management
EMP-2092,candidate_1092,Prima Budiman,Prima Budiman,prima.budiman@medikanusantara.co.id,+62 846-6724-4903,IT Staff,Information Technology,Semarang,BR-049,2019-05-24,2019-05-27,SAP_SuccessFactors; Workable_ATS; Moodle_LMS,FALSE,missing_skill_data; conflicting_hire_dates,
EMP-2093,candidate_1093,Ilham Mahmud,Ilhami Mahmud,ilham.mahmud@medikanusantara.co.id,+62 826-8448-4566,Koordinator Logistik,Logistics,Balikpapan,BR-051,2021-05-02,2021-05-02,SAP_SuccessFactors; Workable_ATS; Moodle_LMS,TRUE,name_variant_across_systems; incomplete_performance_history; potential_duplicate_record,Route Planning; Fleet Management
EMP-2094,candidate_1094,Jamal Santoso,Jamal Santoso,jamal.santoso@medikanusantara.co.id,+62 854-9280-6524,Support IT,Information Technology,Malang,BR-068,2018-11-22,2018-11-24,SAP_SuccessFactors; Workable_ATS; Moodle_LMS,FALSE,conflicting_hire_dates,Network Administration; Hardware Troubleshooting; Software Configuration
EMP-2095,,Sari Kasim,,sari.kasim@medikanusantara.co.id,,IT Specialist,Information Technology,Jakarta Pusat,BR-083,2022-06-18,,SAP_SuccessFactors; Moodle_LMS,FALSE,conflicting_hire_dates; no_ats_record,Network Administration; Hardware Troubleshooting; Software Configuration; SAP System Support; Help Desk
EMP-2096,candidate_1096,Chandra Basuki,Chandrai Basuki,chandra.basuki@medikanusantara.co.id,+62 892-1604-6014,Manajer Cabang,Operations,Balikpapan,BR-036,2016-04-24,2016-04-27,SAP_SuccessFactors; Workable_ATS; Moodle_LMS,TRUE,missing_skill_data; conflicting_hire_dates; name_variant_across_systems; potential_duplicate_record,
EMP-2097,candidate_1097,Nando Santoso,Nando Santoso,nando.santoso@medikanusantara.co.id,+62 867-7050-6374,Logistik Staff,Logistics,Bali,BR-021,2016-08-21,2016-08-23,SAP_SuccessFactors; Workable_ATS; Moodle_LMS,FALSE,missing_skill_data; conflicting_hire_dates,
EMP-2098,candidate_1098,Rofiq Erlangga,Rofiq Erlangga,rofiq.erlangga@medikanusantara.co.id,,HR Generalist,Human Resources,Pontianak,BR-081,2017-01-22,2017-01-22,SAP_SuccessFactors; Workable_ATS; Moodle_LMS,FALSE,,Recruitment
EMP-2099,,Erni Kasim,,erni.kasim@medikanusantara.co.id,+62 868-6976-8120,Petugas QC,Quality Control,Malang,BR-003,2023-04-20,,SAP_SuccessFactors; Moodle_LMS,FALSE,missing_skill_data; no_ats_record,
EMP-2100,candidate_1100,Dita Bernardus,Dita Bernardus,dita.bernardus@medikanusantara.co.id,+62 811-9923-6945,Sales Rep,Sales,Manado,BR-086,2016-06-20,2016-06-20,SAP_SuccessFactors; Workable_ATS; Moodle_LMS,FALSE,,Customer Relationship Management; Product Knowledge (Pharma); Sales Negotiation; Territory Management
EMP-2101,candidate_1101,Nurul Wibowo,Nurul Wibowo,,+62 864-3550-8682,Regional Manager,Operations,Samarinda,BR-061,2019-12-26,2019-12-26,SAP_SuccessFactors; Workable_ATS; Moodle_LMS,TRUE,incomplete_performance_history; missing_email; potential_duplicate_record,Team Leadership; P&L Management
EMP-2102,candidate_1102,Budi Purwanto,Budi Purwanto,budi.purwanto@medikanusantara.co.id,+62 828-3702-2101,Spesialis IT,Information Technology,Cirebon,BR-013,2016-06-24,2016-06-24,SAP_SuccessFactors; Workable_ATS; Moodle_LMS,FALSE,,Network Administration; Hardware Troubleshooting
EMP-2103,candidate_1103,Bella Natsir,Bella Natsir,bella.natsir@medikanusantara.co.id,+62 840-4056-5002,HR Generalist,Human Resources,Medan,BR-051,2016-12-16,2016-12-16,SAP_SuccessFactors; Workable_ATS; Moodle_LMS,FALSE,,Recruitment; Employee Relations
EMP-2104,candidate_1104,Zaki Christianto,Zaki Christianto,zaki.christianto@medikanusantara.co.id,,HRD Staff,Human Resources,Surabaya,BR-056,2018-12-14,2018-12-14,SAP_SuccessFactors; Workable_ATS; Moodle_LMS,FALSE,missing_skill_data; incomplete_performance_history,
EMP-2105,candidate_1105,Anita Cahyadi,Anita Cahyadi,anita.cahyadi@medikanusantara.co.id,+62 836-5090-9935,Finance Staff,Finance,Bekasi,BR-038,2021-04-05,2021-04-05,SAP_SuccessFactors; Workable_ATS; Moodle_LMS,FALSE,incomplete_performance_history,Financial Reporting; SAP Finance
EMP-2106,candidate_1106,Maya Latif,Maya Latif,maya.latif@medikanusantara.co.id,,Logistics Staff,Logistics,Banjarmasin,BR-012,2018-03-07,2018-03-07,SAP_SuccessFactors; Workable_ATS; Moodle_LMS,FALSE,missing_skill_data,
EMP-2107,candidate_1107,Rizal Ridwan,Rizal Ridwan,rizal.ridwan@medikanusantara.co.id,+62 830-5361-1478,Senior Sales,Sales,Pekanbaru,BR-032,2017-02-23,2017-02-23,SAP_SuccessFactors; Workable_ATS; Moodle_LMS,FALSE,missing_skill_data,
EMP-2108,candidate_1108,Dian Djuanda,Dian Djuanda,dian.djuanda@medikanusantara.co.id,+62 878-5603-4316,Logistik Koordinator,Logistics,Jakarta Barat,BR-022,2019-07-14,2019-07-14,SAP_SuccessFactors; Workable_ATS; Moodle_LMS,FALSE,,Route Planning; Fleet Management; Delivery Coordination
EMP-2109,candidate_1109,Novita Cahyadi,Novita Cahyadi,novita.cahyadi@medikanusantara.co.id,+62 828-8940-5391,Senior Sales,Sales,Banjarmasin,BR-041,2022-04-21,2022-04-21,SAP_SuccessFactors; Workable_ATS; Moodle_LMS,FALSE,incomplete_performance_history,Customer Relationship Management; Key Account Management; Sales Negotiation
EMP-2110,candidate_1110,Mulyadi Maulana,Mulyadi Maulana,mulyadi.maulana@medikanusantara.co.id,+62 822-5242-9875,Sales 2,Sales,Bogor,BR-030,2021-08-17,2021-08-17,SAP_SuccessFactors; Workable_ATS; Moodle_LMS,FALSE,,Customer Relationship Management; Key Account Management; Sales Negotiation
EMP-2111,,Vina Rahayu,,vina.rahayu@medikanusantara.co.id,,Sales Senior,Sales,Cirebon,BR-053,2021-09-17,,SAP_SuccessFactors; Moodle_LMS,FALSE,conflicting_hire_dates; incomplete_performance_history; no_ats_record,Customer Relationship Management; Key Account Management; Sales Negotiation
EMP-2112,candidate_1112,Jamal Christianto,Jamal Christianto,jamal.christianto@medikanusantara.co.id,,Finance Administration,Finance,Manado,BR-030,2021-09-26,2021-09-26,SAP_SuccessFactors; Workable_ATS; Moodle_LMS,FALSE,,Financial Reporting; SAP Finance; Accounts Payable/Receivable
EMP-2113,candidate_1113,Novita Kurniawan,Novita Kurniawan,novita.kurniawan@medikanusantara.co.id,,Logistik Koordinator,Logistics,Banjarmasin,BR-016,2016-08-07,2016-08-07,SAP_SuccessFactors; Workable_ATS; Moodle_LMS,FALSE,incomplete_performance_history,Route Planning; Fleet Management; Delivery Coordination; Last-Mile Logistics
EMP-2114,candidate_1114,Abdul Alamsyah,Abdul Alamsyah,abdul.alamsyah@medikanusantara.co.id,,Sr. Sales Rep,Sales,Malang,BR-057,2022-05-27,2022-05-27,SAP_SuccessFactors; Workable_ATS; Moodle_LMS,FALSE,,Customer Relationship Management; Key Account Management
EMP-2115,candidate_1115,Candra Rahayu,Candra Rahayu,candra.rahayu@medikanusantara.co.id,+62 891-8212-4574,Petugas QC,Quality Control,Jakarta Selatan,BR-007,2020-11-21,2020-11-25,SAP_SuccessFactors; Workable_ATS; Moodle_LMS,FALSE,missing_skill_data; conflicting_hire_dates,
EMP-2116,candidate_1116,Gita Yahya,Gita Yahya,gita.yahya@medikanusantara.co.id,,Staf Gudang,Warehouse & Distribution,Malang,BR-044,2020-05-16,2020-05-16,SAP_SuccessFactors; Workable_ATS; Moodle_LMS,FALSE,,Inventory Management; Good Distribution Practice (GDP)
EMP-2117,candidate_1117,Anita Djuanda,Anitai Djuanda,anita.djuanda@medikanusantara.co.id,,Supply Chain Staff,Logistics,Jakarta Timur,BR-034,2019-01-25,2019-01-25,SAP_SuccessFactors; Workable_ATS; Moodle_LMS,FALSE,missing_skill_data; name_variant_across_systems,
EMP-2118,candidate_1118,Muhammad Astuti,Muhammad Astuti,muhammad.astuti@medikanusantara.co.id,+62 816-5166-4673,Logistics Coordinator,Logistics,Manado,BR-021,2023-06-28,2023-06-28,SAP_SuccessFactors; Workable_ATS; Moodle_LMS,FALSE,conflicting_hire_dates,Route Planning
EMP-2119,candidate_1119,Gita Purwanto,Gita Purwanto,gita.purwanto@medikanusantara.co.id,+62 823-6514-2604,Technical Support,Information Technology,Balikpapan,BR-078,2017-04-10,2017-04-10,SAP_SuccessFactors; Workable_ATS; Moodle_LMS,FALSE,,Network Administration; Hardware Troubleshooting; Software Configuration; SAP System Support; Help Desk
EMP-2120,candidate_1120,Nabila Permata,Nabila Permata,nabila.permata@medikanusantara.co.id,+62 817-9873-7752,HR Staff,Human Resources,Tangerang,BR-001,2022-06-05,2022-06-05,SAP_SuccessFactors; Workable_ATS; Moodle_LMS,FALSE,,Recruitment; Employee Relations; Payroll Processing; Learning & Development
EMP-2121,candidate_1121,Putri Christianto,Putri Christianto,putri.christianto@medikanusantara.co.id,,Human Resources Staff,Human Resources,Jakarta Utara,BR-069,2018-09-18,2018-09-18,SAP_SuccessFactors; Workable_ATS; Moodle_LMS,FALSE,,Recruitment; Employee Relations
EMP-2122,candidate_1122,Budi Harahap,Budi Harahap,budi.harahap@medikanusantara.co.id,+62 882-6526-5834,Sales 2,Sales,Tangerang,BR-083,2021-12-14,2021-12-14,SAP_SuccessFactors; Workable_ATS; Moodle_LMS,FALSE,incomplete_performance_history,Customer Relationship Management; Key Account Management
EMP-2123,candidate_1123,Wawan Arifin,Wawan Arifin,,,Quality Assurance Staff,Quality Control,Lampung,BR-025,2021-04-08,2021-04-08,SAP_SuccessFactors; Workable_ATS; Moodle_LMS,FALSE,incomplete_performance_history; missing_email,Quality Management Systems; BPOM Regulatory Compliance; GDP/GMP Knowledge; Audit Skills
EMP-2124,candidate_1124,Teguh Permata,Teguh Permata,teguh.permata@medikanusantara.co.id,+62 892-9848-8081,Finance Admin,Finance,Batam,BR-017,2017-01-07,2017-01-07,SAP_SuccessFactors; Workable_ATS; Moodle_LMS,FALSE,missing_skill_data,
EMP-2125,,Andi Purwanto,,andi.purwanto@medikanusantara.co.id,,Customer Service,Customer Service,Jakarta Pusat,BR-016,2018-08-26,,SAP_SuccessFactors; Moodle_LMS,TRUE,missing_skill_data; no_ats_record; potential_duplicate_record,
EMP-2126,candidate_1126,Dian Kurniawan,Diani Kurniawan,dian.kurniawan@medikanusantara.co.id,,Human Resources Staff,Human Resources,Lampung,BR-008,2016-12-12,2016-12-14,SAP_SuccessFactors; Workable_ATS; Moodle_LMS,FALSE,missing_skill_data; conflicting_hire_dates; name_variant_across_systems,
EMP-2127,candidate_1127,Joko Suharto,Jokoi Suharto,joko.suharto@medikanusantara.co.id,+62 856-5959-5044,Perwakilan Penjualan,Sales,Solo,BR-062,2020-06-06,2020-06-06,SAP_SuccessFactors; Workable_ATS; Moodle_LMS,TRUE,name_variant_across_systems; potential_duplicate_record,Customer Relationship Management; Product Knowledge (Pharma); Sales Negotiation
EMP-2128,candidate_1128,Agus Tanjung,Agus Tanjung,agus.tanjung@medikanusantara.co.id,+62 831-8602-8667,Customer Service,Customer Service,Palembang,BR-070,2019-06-27,2019-06-28,SAP_SuccessFactors; Workable_ATS; Moodle_LMS,FALSE,missing_skill_data; conflicting_hire_dates,
EMP-2129,candidate_1129,Lia Hartono,Lia Hartono,lia.hartono@medikanusantara.co.id,+62 852-2579-4601,Koordinator Logistik,Logistics,Cirebon,BR-079,2022-01-09,2022-01-09,SAP_SuccessFactors; Workable_ATS; Moodle_LMS,FALSE,,Route Planning; Fleet Management; Delivery Coordination; Last-Mile Logistics
EMP-2130,candidate_1130,Tini Nugroho,Tinii Nugroho,tini.nugroho@medikanusantara.co.id,+62 859-6755-4720,Customer Service,Customer Service,Jakarta Pusat,BR-040,2022-03-23,2022-03-23,SAP_SuccessFactors; Workable_ATS; Moodle_LMS,FALSE,name_variant_across_systems,Communication; Problem Solving; CRM Software; Product Knowledge (Basic)
EMP-2131,candidate_1131,Intan Firmansyah,Intani Firmansyah,intan.firmansyah@medikanusantara.co.id,+62 838-7230-5038,Koordinator Logistik,Logistics,Palembang,BR-078,2023-03-05,2023-03-12,SAP_SuccessFactors; Workable_ATS; Moodle_LMS,FALSE,conflicting_hire_dates; name_variant_across_systems,Route Planning; Fleet Management; Delivery Coordination
EMP-2132,candidate_1132,Hadi Tanjung,Hadi Tanjung,hadi.tanjung@medikanusantara.co.id,,IT Support,Information Technology,Pontianak,BR-056,2017-10-08,2017-10-08,SAP_SuccessFactors; Workable_ATS; Moodle_LMS,FALSE,missing_skill_data,
EMP-2133,candidate_1133,Fajar Firmansyah,Fajari Firmansyah,fajar.firmansyah@medikanusantara.co.id,,Staf Keuangan,Finance,Medan,BR-038,2021-06-11,2021-06-11,SAP_SuccessFactors; Workable_ATS; Moodle_LMS,FALSE,name_variant_across_systems,Financial Reporting; SAP Finance; Accounts Payable/Receivable; Budget Management; Microsoft Excel Advanced
EMP-2134,candidate_1134,Vina Iskandar,Vinai Iskandar,vina.iskandar@medikanusantara.co.id,+62 846-4436-7991,Logistik Staff,Logistics,Medan,BR-081,2019-03-08,2019-03-08,SAP_SuccessFactors; Workable_ATS; Moodle_LMS,FALSE,name_variant_across_systems,Route Planning; Fleet Management; Delivery Coordination
EMP-2135,candidate_1135,Fuad Firmansyah,Fuad Firmansyah,,+62 827-5572-3082,Senior Sales,Sales,Palembang,BR-084,2018-01-19,2018-01-19,SAP_SuccessFactors; Workable_ATS; Moodle_LMS,FALSE,missing_skill_data; missing_email,
EMP-2136,candidate_1136,Denny Cahyadi,Denny Cahyadi,denny.cahyadi@medikanusantara.co.id,+62 863-6730-9218,Gudang Staff,Warehouse & Distribution,Semarang,BR-001,2017-09-14,2017-09-14,SAP_SuccessFactors; Workable_ATS; Moodle_LMS,TRUE,incomplete_performance_history; potential_duplicate_record,Inventory Management; Good Distribution Practice (GDP)
EMP-2137,candidate_1137,Wahyu Iskandar,Wahyu Iskandar,wahyu.iskandar@medikanusantara.co.id,+62 860-2191-8766,Logistik Koordinator,Logistics,Bekasi,BR-018,2017-12-26,2017-12-26,SAP_SuccessFactors; Workable_ATS; Moodle_LMS,FALSE,missing_skill_data,
EMP-2138,candidate_1138,Wulandari Suharto,Wulandari Suharto,wulandari.suharto@medikanusantara.co.id,+62 869-7126-8589,Layanan Pelanggan,Customer Service,Tangerang,BR-034,2022-05-27,2022-05-27,SAP_SuccessFactors; Workable_ATS; Moodle_LMS,FALSE,,Communication; Problem Solving; CRM Software
EMP-2139,candidate_1139,Dian Pratama,Dian Pratama,dian.pratama@medikanusantara.co.id,+62 888-6987-5694,Finance Staff,Finance,Samarinda,BR-024,2022-11-04,2022-11-09,SAP_SuccessFactors; Workable_ATS; Moodle_LMS,FALSE,missing_skill_data; conflicting_hire_dates,
EMP-2140,candidate_1140,Zaki Maulana,Zaki Maulana,,+62 837-9141-5027,Warehouse Staff,Warehouse & Distribution,Jakarta Pusat,BR-079,2019-02-17,2019-02-17,SAP_SuccessFactors; Workable_ATS; Moodle_LMS,TRUE,incomplete_performance_history; missing_email; potential_duplicate_record,Inventory Management; Good Distribution Practice (GDP); Cold Chain Management
EMP-2141,candidate_1141,Lestari Yahya,Lestarii Yahya,lestari.yahya@medikanusantara.co.id,+62 854-1382-6400,Spesialis IT,Information Technology,Samarinda,BR-020,2023-04-19,2023-04-24,SAP_SuccessFactors; Workable_ATS; Moodle_LMS,TRUE,missing_skill_data; conflicting_hire_dates; name_variant_across_systems; potential_duplicate_record,
EMP-2142,candidate_1142,Fajar Mahmud,Fajar Mahmud,fajar.mahmud@medikanusantara.co.id,,Agen CS,Customer Service,Tangerang,BR-075,2022-07-13,2022-07-13,SAP_SuccessFactors; Workable_ATS; Moodle_LMS,FALSE,,Communication; Problem Solving; CRM Software; Product Knowledge (Basic)
EMP-2143,candidate_1143,Eko Hartono,Eko Hartono,eko.hartono@medikanusantara.co.id,+62 819-8413-5766,Sales Senior,Sales,Semarang,BR-053,2017-10-03,2017-10-03,SAP_SuccessFactors; Workable_ATS; Moodle_LMS,FALSE,,Customer Relationship Management; Key Account Management; Sales Negotiation; Territory Management; Team Coaching
EMP-2144,candidate_1144,Dewi Setiawan,Dewi Setiawan,dewi.setiawan@medikanusantara.co.id,+62 841-1783-8359,Staf Keuangan,Finance,Yogyakarta,BR-027,2016-10-09,2016-10-13,SAP_SuccessFactors; Workable_ATS; Moodle_LMS,FALSE,missing_skill_data; conflicting_hire_dates,
EMP-2145,candidate_1145,Bunga Christianto,Bunga Christianto,bunga.christianto@medikanusantara.co.id,+62 863-9787-7855,QC Officer,Quality Control,Balikpapan,BR-036,2018-12-12,2018-12-12,SAP_SuccessFactors; Workable_ATS; Moodle_LMS,TRUE,missing_skill_data; potential_duplicate_record,
EMP-2146,candidate_1146,Laras Salim,Laras Salim,laras.salim@medikanusantara.co.id,+62 846-7029-1598,Finance Admin,Finance,Malang,BR-082,2023-05-17,2023-05-23,SAP_SuccessFactors; Workable_ATS; Moodle_LMS,TRUE,missing_skill_data; conflicting_hire_dates; potential_duplicate_record,
EMP-2147,candidate_1147,Budi Hartono,Budi Hartono,,+62 873-6782-6356,Manager Cabang,Operations,Jakarta Pusat,BR-034,2022-02-24,2022-02-24,SAP_SuccessFactors; Workable_ATS; Moodle_LMS,FALSE,missing_skill_data; missing_email,
EMP-2148,candidate_1148,Juliana Pratama,Julianai Pratama,juliana.pratama@medikanusantara.co.id,,Supply Chain Staff,Logistics,Jakarta Selatan,BR-068,2021-04-13,2021-04-13,SAP_SuccessFactors; Workable_ATS; Moodle_LMS,FALSE,name_variant_across_systems,Route Planning; Fleet Management; Delivery Coordination; Last-Mile Logistics
EMP-2149,candidate_1149,Mulyadi Saputra,Mulyadii Saputra,mulyadi.saputra@medikanusantara.co.id,+62 873-1690-9504,HR Staff,Human Resources,Jakarta Utara,BR-050,2016-06-27,2016-06-27,SAP_SuccessFactors; Workable_ATS; Moodle_LMS,FALSE,name_variant_across_systems,Recruitment
EMP-2150,candidate_1150,Mulyadi Aditya,Mulyadi Aditya,mulyadi.aditya@medikanusantara.co.id,,Sales 1,Sales,Bandung,BR-032,2017-02-17,2017-02-17,SAP_SuccessFactors; Workable_ATS; Moodle_LMS,FALSE,missing_skill_data,
EMP-2151,candidate_1151,Anita Lukman,Anita Lukman,anita.lukman@medikanusantara.co.id,,Staf QC,Quality Control,Bali,BR-012,2018-01-04,2018-01-04,SAP_SuccessFactors; Workable_ATS; Moodle_LMS,TRUE,potential_duplicate_record,Quality Management Systems
EMP-2152,candidate_1152,Wahyu Lestari,Wahyu Lestari,,+62 863-3292-5973,Petugas QC,Quality Control,Bali,BR-006,2022-03-09,2022-03-09,SAP_SuccessFactors; Workable_ATS; Moodle_LMS,TRUE,missing_email; potential_duplicate_record,Quality Management Systems; BPOM Regulatory Compliance; GDP/GMP Knowledge
EMP-2153,candidate_1153,Bayu Nasution,Bayu Nasution,bayu.nasution@medikanusantara.co.id,,Staff HRD,Human Resources,Jakarta Timur,BR-034,2016-08-28,2016-08-28,SAP_SuccessFactors; Workable_ATS; Moodle_LMS,TRUE,missing_skill_data; conflicting_hire_dates; incomplete_performance_history; potential_duplicate_record,
EMP-2154,candidate_1154,Alfi Irawan,Alfi Irawan,,+62 826-1463-7209,Agen CS,Customer Service,Manado,BR-053,2023-04-21,2023-04-21,SAP_SuccessFactors; Workable_ATS; Moodle_LMS,TRUE,missing_email; potential_duplicate_record,Communication; Problem Solving; CRM Software
EMP-2155,candidate_1155,Bunga Wahyudi,Bunga Wahyudi,bunga.wahyudi@medikanusantara.co.id,+62 877-6097-2088,Logistik Koordinator,Logistics,Palembang,BR-086,2023-05-04,2023-05-05,SAP_SuccessFactors; Workable_ATS; Moodle_LMS,FALSE,conflicting_hire_dates,Route Planning; Fleet Management; Delivery Coordination; Last-Mile Logistics
EMP-2156,candidate_1156,Lestari Bernardus,Lestari Bernardus,lestari.bernardus@medikanusantara.co.id,+62 875-9116-3538,Quality Control,Quality Control,Mataram,BR-038,2017-07-06,2017-07-06,SAP_SuccessFactors; Workable_ATS; Moodle_LMS,FALSE,,Quality Management Systems; BPOM Regulatory Compliance; GDP/GMP Knowledge
EMP-2157,candidate_1157,Okta Firmansyah,Okta Firmansyah,okta.firmansyah@medikanusantara.co.id,,QC Officer,Quality Control,Bekasi,BR-063,2016-08-15,2016-08-15,SAP_SuccessFactors; Workable_ATS; Moodle_LMS,FALSE,,Quality Management Systems
EMP-2158,candidate_1158,Wahyu Christianto,Wahyu Christianto,wahyu.christianto@medikanusantara.co.id,+62 898-9928-2615,Support IT,Information Technology,Palembang,BR-011,2018-12-27,2018-12-28,SAP_SuccessFactors; Workable_ATS; Moodle_LMS,TRUE,conflicting_hire_dates; potential_duplicate_record,Network Administration; Hardware Troubleshooting; Software Configuration; SAP System Support; Help Desk
EMP-2159,candidate_1159,Rizky Natsir,Rizkyi Natsir,rizky.natsir@medikanusantara.co.id,+62 828-9372-6533,Sr. Sales Rep,Sales,Banjarmasin,BR-040,2019-07-19,2019-07-19,SAP_SuccessFactors; Workable_ATS; Moodle_LMS,FALSE,name_variant_across_systems; incomplete_performance_history,Customer Relationship Management; Key Account Management; Sales Negotiation; Territory Management
EMP-2160,candidate_1160,Agus Budiman,Agus Budiman,agus.budiman@medikanusantara.co.id,+62 841-6312-8679,Finance Staff,Finance,Surabaya,BR-029,2023-07-11,2023-07-14,SAP_SuccessFactors; Workable_ATS; Moodle_LMS,FALSE,conflicting_hire_dates,Financial Reporting; SAP Finance; Accounts Payable/Receivable; Budget Management; Microsoft Excel Advanced
EMP-2161,candidate_1161,Agus Basuki,Agusi Basuki,agus.basuki@medikanusantara.co.id,,Branch Manager,Operations,Bali,BR-027,2016-09-09,2016-09-09,SAP_SuccessFactors; Workable_ATS; Moodle_LMS,FALSE,name_variant_across_systems,Team Leadership
EMP-2162,candidate_1162,Dewi Wijaya,Dewi Wijaya,dewi.wijaya@medikanusantara.co.id,+62 840-7664-1722,Staf SDM,Human Resources,Malang,BR-017,2017-07-15,2017-07-15,SAP_SuccessFactors; Workable_ATS; Moodle_LMS,FALSE,,Recruitment; Employee Relations; Payroll Processing; Learning & Development
EMP-2163,candidate_1163,Zahra Junaidi,Zahrai Junaidi,,+62 816-5773-5392,Logistics Coordinator,Logistics,Bogor,BR-027,2021-03-19,2021-03-19,SAP_SuccessFactors; Workable_ATS; Moodle_LMS,FALSE,missing_skill_data; name_variant_across_systems; missing_email,
EMP-2164,candidate_1164,Hamid Nugroho,Hamidi Nugroho,hamid.nugroho@medikanusantara.co.id,,Spesialis IT,Information Technology,Malang,BR-033,2022-08-10,2022-08-10,SAP_SuccessFactors; Workable_ATS; Moodle_LMS,FALSE,missing_skill_data; name_variant_across_systems,
EMP-2165,candidate_1165,Fitri Fauzan,Fitri Fauzan,fitri.fauzan@medikanusantara.co.id,+62 813-1726-8969,Logistics Coordinator,Logistics,Pontianak,BR-038,2021-01-17,2021-01-17,SAP_SuccessFactors; Workable_ATS; Moodle_LMS,FALSE,missing_skill_data,
EMP-2166,,Kevin Darmawan,,kevin.darmawan@medikanusantara.co.id,+62 859-7848-4948,QC Staff,Quality Control,Tangerang,BR-026,2023-06-27,,SAP_SuccessFactors; Moodle_LMS,FALSE,conflicting_hire_dates; name_variant_across_systems; no_ats_record,Quality Management Systems; BPOM Regulatory Compliance
EMP-2167,candidate_1167,Candra Suharto,Candra Suharto,candra.suharto@medikanusantara.co.id,+62 874-7851-7567,Staf CS,Customer Service,Mataram,BR-012,2018-07-02,2018-07-02,SAP_SuccessFactors; Workable_ATS; Moodle_LMS,TRUE,potential_duplicate_record,Communication
EMP-2168,candidate_1168,Sari Iskandar,Sari Iskandar,sari.iskandar@medikanusantara.co.id,+62 852-6295-9944,Quality Control,Quality Control,Jakarta Barat,BR-042,2022-07-22,2022-07-22,SAP_SuccessFactors; Workable_ATS; Moodle_LMS,FALSE,missing_skill_data,
EMP-2169,candidate_1169,Surya Wibowo,Surya Wibowo,surya.wibowo@medikanusantara.co.id,+62 867-3433-4481,Staff HRD,Human Resources,Tangerang,BR-061,2017-04-11,2017-04-11,SAP_SuccessFactors; Workable_ATS; Moodle_LMS,FALSE,,Recruitment; Employee Relations; Payroll Processing; Learning & Development
EMP-2170,candidate_1170,Zaki Alamsyah,Zaki Alamsyah,zaki.alamsyah@medikanusantara.co.id,+62 829-9038-3007,Senior Sales,Sales,Jakarta Pusat,BR-011,2017-10-24,2017-10-24,SAP_SuccessFactors; Workable_ATS; Moodle_LMS,FALSE,,Customer Relationship Management
EMP-2171,candidate_1171,Ogi Darmawan,Ogi Darmawan,ogi.darmawan@medikanusantara.co.id,+62 868-7314-4815,Staf Keuangan,Finance,Malang,BR-049,2020-05-03,2020-05-09,SAP_SuccessFactors; Workable_ATS; Moodle_LMS,FALSE,conflicting_hire_dates; incomplete_performance_history,Financial Reporting; SAP Finance
EMP-2172,,Mulyadi Gunawan,,mulyadi.gunawan@medikanusantara.co.id,+62 851-4091-1499,Staf SDM,Human Resources,Balikpapan,BR-082,2018-01-28,,SAP_SuccessFactors; Moodle_LMS,FALSE,no_ats_record,Recruitment; Employee Relations
EMP-2173,candidate_1173,Eko Wahyudi,Eko Wahyudi,eko.wahyudi@medikanusantara.co.id,+62 836-8949-3946,Customer Service,Customer Service,Yogyakarta,BR-014,2016-07-04,2016-07-04,SAP_SuccessFactors; Workable_ATS; Moodle_LMS,FALSE,,Communication; Problem Solving
EMP-2174,,Ratna Fauzan,,ratna.fauzan@medikanusantara.co.id,,Perwakilan Penjualan,Sales,Pontianak,BR-054,2020-01-19,,SAP_SuccessFactors; Moodle_LMS,FALSE,no_ats_record,Customer Relationship Management; Product Knowledge (Pharma); Sales Negotiation
EMP-2175,candidate_1175,Budi Budiman,Budii Budiman,budi.budiman@medikanusantara.co.id,,Senior Sales,Sales,Yogyakarta,BR-089,2023-02-25,2023-02-25,SAP_SuccessFactors; Workable_ATS; Moodle_LMS,FALSE,missing_skill_data; name_variant_across_systems; incomplete_performance_history,
EMP-2176,candidate_1176,Taufik Arifin,Taufik Arifin,taufik.arifin@medikanusantara.co.id,,Senior Sales,Sales,Bandung,BR-066,2023-09-20,2023-09-20,SAP_SuccessFactors; Workable_ATS; Moodle_LMS,FALSE,missing_skill_data; incomplete_performance_history,
EMP-2177,candidate_1177,Andi Wibowo,Andi Wibowo,andi.wibowo@medikanusantara.co.id,+62 872-7892-6637,Finance Administration,Finance,Padang,BR-020,2023-10-19,2023-10-19,SAP_SuccessFactors; Workable_ATS; Moodle_LMS,FALSE,missing_skill_data,
EMP-2178,candidate_1178,Dewi Tjandra,Dewi Tjandra,dewi.tjandra@medikanusantara.co.id,,Supply Chain Staff,Logistics,Makassar,BR-008,2019-08-06,2019-08-06,SAP_SuccessFactors; Workable_ATS; Moodle_LMS,FALSE,,Route Planning; Fleet Management; Delivery Coordination; Last-Mile Logistics; SAP Logistics
EMP-2179,candidate_1179,Ogi Tanjung,Ogi Tanjung,ogi.tanjung@medikanusantara.co.id,+62 871-2234-7703,HR Generalist,Human Resources,Jakarta Utara,BR-077,2022-11-18,2022-11-18,SAP_SuccessFactors; Workable_ATS; Moodle_LMS,FALSE,,Recruitment; Employee Relations
EMP-2180,,Siti Saputra,,,+62 813-8928-8263,Manager Cabang,Operations,Samarinda,BR-066,2019-11-04,,SAP_SuccessFactors; Moodle_LMS,FALSE,no_ats_record; missing_email,Team Leadership; P&L Management; Operations Management; Strategic Planning
EMP-2181,candidate_1181,Bunga Fauzan,Bungai Fauzan,bunga.fauzan@medikanusantara.co.id,+62 848-9215-3268,Manager Cabang,Operations,Lampung,BR-021,2021-04-04,2021-04-04,SAP_SuccessFactors; Workable_ATS; Moodle_LMS,FALSE,name_variant_across_systems,Team Leadership
EMP-2182,,Ilham Zainal,,ilham.zainal@medikanusantara.co.id,+62 895-9534-8613,Kepala Cabang,Operations,Tangerang,BR-089,2017-08-15,,SAP_SuccessFactors; Moodle_LMS,FALSE,no_ats_record,Team Leadership; P&L Management; Operations Management; Strategic Planning
EMP-2183,candidate_1183,Wawan Budiman,Wawan Budiman,wawan.budiman@medikanusantara.co.id,,Koordinator Logistik,Logistics,Surabaya,BR-089,2016-10-24,2016-10-24,SAP_SuccessFactors; Workable_ATS; Moodle_LMS,FALSE,,Route Planning; Fleet Management; Delivery Coordination; Last-Mile Logistics; SAP Logistics
EMP-2184,candidate_1184,Siti Rahayu,Siti Rahayu,siti.rahayu@medikanusantara.co.id,+62 830-1583-6030,Petugas QC,Quality Control,Manado,BR-029,2023-03-02,2023-03-02,SAP_SuccessFactors; Workable_ATS; Moodle_LMS,FALSE,,Quality Management Systems; BPOM Regulatory Compliance; GDP/GMP Knowledge
EMP-2185,candidate_1185,Fitri Kasim,Fitri Kasim,fitri.kasim@medikanusantara.co.id,+62 857-8893-4913,Staff Gudang,Warehouse & Distribution,Padang,BR-043,2016-12-23,2016-12-23,SAP_SuccessFactors; Workable_ATS; Moodle_LMS,FALSE,incomplete_performance_history,Inventory Management; Good Distribution Practice (GDP); Cold Chain Management; Stock Counting; Forklift Operation
EMP-2186,candidate_1186,Hadi Kusuma,Hadii Kusuma,hadi.kusuma@medikanusantara.co.id,+62 863-1802-9403,Quality Assurance Staff,Quality Control,Manado,BR-071,2023-09-03,2023-09-03,SAP_SuccessFactors; Workable_ATS; Moodle_LMS,FALSE,missing_skill_data; name_variant_across_systems; incomplete_performance_history,
EMP-2187,candidate_1187,Wawan Zainal,Wawani Zainal,wawan.zainal@medikanusantara.co.id,,IT Staff,Information Technology,Depok,BR-051,2016-07-01,2016-07-01,SAP_SuccessFactors; Workable_ATS; Moodle_LMS,FALSE,missing_skill_data; name_variant_across_systems,
EMP-2188,candidate_1188,Hamid Pramono,Hamid Pramono,,+62 833-6345-9369,Technical Support,Information Technology,Cirebon,BR-090,2017-04-12,2017-04-12,SAP_SuccessFactors; Workable_ATS; Moodle_LMS,FALSE,missing_skill_data; incomplete_performance_history; missing_email,
EMP-2189,candidate_1189,Hamid Latif,Hamid Latif,hamid.latif@medikanusantara.co.id,+62 862-7784-8278,Finance Admin,Finance,Makassar,BR-026,2021-08-20,2021-08-20,SAP_SuccessFactors; Workable_ATS; Moodle_LMS,FALSE,,Financial Reporting
EMP-2190,,Nita Tjandra,,nita.tjandra@medikanusantara.co.id,+62 839-9848-7221,Logistik Koordinator,Logistics,Semarang,BR-037,2016-06-05,,SAP_SuccessFactors; Moodle_LMS,FALSE,no_ats_record,Route Planning; Fleet Management; Delivery Coordination
EMP-2191,candidate_1191,Ogi Junaidi,Ogi Junaidi,ogi.junaidi@medikanusantara.co.id,+62 880-4170-9807,Account Sales,Sales,Batam,BR-036,2020-11-18,2020-11-18,SAP_SuccessFactors; Workable_ATS; Moodle_LMS,FALSE,,Customer Relationship Management; Product Knowledge (Pharma); Sales Negotiation; Territory Management; Key Account Management
EMP-2192,candidate_1192,Putri Tjandra,Putri Tjandra,putri.tjandra@medikanusantara.co.id,,Staf QC,Quality Control,Depok,BR-069,2020-10-14,2020-10-21,SAP_SuccessFactors; Workable_ATS; Moodle_LMS,FALSE,missing_skill_data; conflicting_hire_dates; incomplete_performance_history,
EMP-2193,,Okta Suharto,,okta.suharto@medikanusantara.co.id,+62 862-4575-6353,Staf QC,Quality Control,Palembang,BR-037,2021-04-22,,SAP_SuccessFactors; Moodle_LMS,FALSE,missing_skill_data; conflicting_hire_dates; no_ats_record,
EMP-2194,,Agus Latif,,agus.latif@medikanusantara.co.id,+62 883-4419-1191,Warehouse Operator,Warehouse & Distribution,Samarinda,BR-064,2019-01-03,,SAP_SuccessFactors; Moodle_LMS,TRUE,missing_skill_data; name_variant_across_systems; no_ats_record; potential_duplicate_record,
EMP-2195,candidate_1195,Panji Maulana,Panji Maulana,panji.maulana@medikanusantara.co.id,+62 893-9574-9092,Finance Admin,Finance,Pontianak,BR-071,2021-07-16,2021-07-16,SAP_SuccessFactors; Workable_ATS; Moodle_LMS,FALSE,incomplete_performance_history,Financial Reporting; SAP Finance; Accounts Payable/Receivable; Budget Management; Microsoft Excel Advanced
EMP-2196,candidate_1196,Kevin Mahmud,Kevin Mahmud,kevin.mahmud@medikanusantara.co.id,+62 838-7997-2495,WH Operator,Warehouse & Distribution,Jakarta Timur,BR-018,2022-05-20,2022-05-20,SAP_SuccessFactors; Workable_ATS; Moodle_LMS,TRUE,missing_skill_data; potential_duplicate_record,
EMP-2197,,Yanto Gunawan,,yanto.gunawan@medikanusantara.co.id,+62 833-3901-3978,Finance Administration,Finance,Surabaya,BR-021,2017-10-05,,SAP_SuccessFactors; Moodle_LMS,FALSE,missing_skill_data; no_ats_record,
EMP-2198,,Citra Purwanto,,citra.purwanto@medikanusantara.co.id,,Senior Penjualan,Sales,Manado,BR-085,2021-10-06,,SAP_SuccessFactors; Moodle_LMS,TRUE,missing_skill_data; no_ats_record; potential_duplicate_record,
EMP-2199,candidate_1199,Ilham Latif,Ilham Latif,ilham.latif@medikanusantara.co.id,+62 863-9001-4315,Finance Staff,Finance,Batam,BR-050,2016-10-05,2016-10-05,SAP_SuccessFactors; Workable_ATS; Moodle_LMS,FALSE,missing_skill_data,
EMP-2200,candidate_1200,Panji Harahap,Panji Harahap,panji.harahap@medikanusantara.co.id,+62 879-7107-1665,Staf CS,Customer Service,Makassar,BR-003,2016-06-08,2016-06-08,SAP_SuccessFactors; Workable_ATS; Moodle_LMS,FALSE,missing_skill_data,